{"cameraMode":{"drawMode":0,"name":"Shaded","section":"Shading Mode"},"sceneLighting":true,"audioPlay":false,"sceneViewState":{"showFog":true,"showMaterialUpdate":false,"showSkybox":true,"showFlares":true,"showImageEffects":true,"showParticleSystems":true},"in2DMode":false,"pivot":{"x":17.42340087890625,"y":-6.696977615356445,"z":7.685844421386719},"rotation":{"x":-0.06723424047231674,"y":0.8942731022834778,"z":-0.14368654787540437,"w":-0.41849660873413088},"size":9.077768325805664,"orthographic":false}