{"cameraMode":{"drawMode":0,"name":"Shaded","section":"Shading Mode"},"sceneLighting":true,"audioPlay":false,"sceneViewState":{"showFog":true,"showMaterialUpdate":false,"showSkybox":true,"showFlares":true,"showImageEffects":true,"showParticleSystems":true},"in2DMode":false,"pivot":{"x":-4.655945301055908,"y":0.3017082214355469,"z":-2.206234931945801},"rotation":{"x":-0.14414891600608827,"y":0.5576444864273071,"z":-0.09906209260225296,"w":-0.8114500641822815},"size":10.0,"orthographic":false}