{"cameraMode":{"drawMode":0,"name":"Shaded","section":"Shading Mode"},"sceneLighting":true,"audioPlay":false,"sceneViewState":{"showFog":true,"showMaterialUpdate":true,"showSkybox":true,"showFlares":true,"showImageEffects":true,"showParticleSystems":true},"in2DMode":false,"pivot":{"x":-7.973505973815918,"y":3.951335906982422,"z":-11.52637767791748},"rotation":{"x":-0.08877517282962799,"y":0.5130945444107056,"z":-0.05345049872994423,"w":-0.8520601987838745},"size":84.97728729248047,"orthographic":false}