{"cameraMode":{"drawMode":0,"name":"Shaded","section":"Shading Mode"},"sceneLighting":true,"audioPlay":false,"sceneViewState":{"showFog":true,"showMaterialUpdate":true,"showSkybox":true,"showFlares":true,"showImageEffects":true,"showParticleSystems":true},"in2DMode":false,"pivot":{"x":-2.141180992126465,"y":0.9627379775047302,"z":-1.9092259407043458},"rotation":{"x":-0.11425873637199402,"y":-0.6557221412658691,"z":0.10132122784852982,"w":-0.7394171953201294},"size":3.8577911853790285,"orthographic":false}