{"cameraMode":{"drawMode":0,"name":"Shaded","section":"Shading Mode"},"sceneLighting":false,"audioPlay":false,"sceneViewState":{"showFog":true,"showMaterialUpdate":false,"showSkybox":true,"showFlares":true,"showImageEffects":true,"showParticleSystems":true},"in2DMode":false,"pivot":{"x":23.949539184570314,"y":17.842470169067384,"z":22.328920364379884},"rotation":{"x":-0.1171891912817955,"y":0.3347238004207611,"z":-0.041993409395217898,"w":-0.9340605139732361},"size":0.005578041076660156,"orthographic":false}