{"cameraMode":{"drawMode":0,"name":"Shaded","section":"Shading Mode"},"sceneLighting":true,"audioPlay":false,"sceneViewState":{"showFog":true,"showMaterialUpdate":true,"showSkybox":true,"showFlares":true,"showImageEffects":true,"showParticleSystems":true},"in2DMode":false,"pivot":{"x":16.784006118774415,"y":-8.878900527954102,"z":11.153111457824707},"rotation":{"x":0.00034480984322726727,"y":0.9792047142982483,"z":-0.20289231836795808,"w":0.0016899234615266324},"size":9.7161226272583,"orthographic":false}