{"cameraMode":{"drawMode":0,"name":"Shaded","section":"Shading Mode"},"sceneLighting":true,"audioPlay":false,"sceneViewState":{"showFog":true,"showMaterialUpdate":true,"showSkybox":true,"showFlares":true,"showImageEffects":true,"showParticleSystems":true},"in2DMode":false,"pivot":{"x":16.856605529785158,"y":-5.576203346252441,"z":9.5064115524292},"rotation":{"x":-0.24463242292404176,"y":-0.07068842649459839,"z":0.01788262650370598,"w":-0.9668858051300049},"size":8.643256187438965,"orthographic":false}