{"cameraMode":{"drawMode":0,"name":"Shaded","section":"Shading Mode"},"sceneLighting":true,"audioPlay":false,"sceneViewState":{"showFog":true,"showMaterialUpdate":true,"showSkybox":true,"showFlares":true,"showImageEffects":true,"showParticleSystems":true},"in2DMode":false,"pivot":{"x":16.022499084472658,"y":-7.945084571838379,"z":10.931269645690918},"rotation":{"x":0.06420882046222687,"y":0.9231902956962586,"z":-0.17688913643360139,"w":0.33513587713241579},"size":20.89305877685547,"orthographic":false}