{"cameraMode":{"drawMode":0,"name":"Shaded","section":"Shading Mode"},"sceneLighting":false,"audioPlay":false,"sceneViewState":{"showFog":true,"showMaterialUpdate":false,"showSkybox":true,"showFlares":true,"showImageEffects":true,"showParticleSystems":true},"in2DMode":false,"pivot":{"x":-13.571043014526368,"y":-27.74470329284668,"z":-66.54411315917969},"rotation":{"x":0.23133541643619538,"y":0.00297656306065619,"z":-0.002200368558987975,"w":0.9731082320213318},"size":10.639790534973145,"orthographic":false}