{"cameraMode":{"drawMode":0,"name":"Shaded","section":"Shading Mode"},"sceneLighting":true,"audioPlay":false,"sceneViewState":{"showFog":true,"showMaterialUpdate":true,"showSkybox":true,"showFlares":true,"showImageEffects":true,"showParticleSystems":true},"in2DMode":false,"pivot":{"x":-4.168979167938232,"y":-7.452929496765137,"z":17.033170700073243},"rotation":{"x":-0.18361039459705354,"y":0.48648801445961,"z":-0.10537049919366837,"w":-0.847658097743988},"size":12.645652770996094,"orthographic":false}